sr,item_desc_supplier,L_mm,W_mm,H_mm,construction,"price_INR_per_1000",remarks
1,RSC 3 PLY,250,200,150,3P B flute 150/120/150,"9,050",
2,RSC 3 PLY,300,200,200,3P B flute 150/120/150,"11,250",
3,RSC 3 PLY,300,250,150,3P B flute 150/120/150,"11,700",
4,RSC 3 PLY,350,250,200,3P C flute 150/120/150,"13,650",
5,RSC 5 PLY,400,300,300,5P BC 180/120/150/120/180,"30,400",
6,RSC 5 PLY,450,350,300,5P BC 180/120/150/120/180,"35,900",
7,RSC 5 PLY,500,400,300,5P BC 180/120/150/120/180,"41,500",
8,RSC 5 PLY,600,400,400,5P BC 180/120/150/120/180,"56,200",
9,Partition 12 cell,400,300,280,3P,"7,600",per set
10,Edge board,50,50,1000,5mm,"6,150",
,,,,,,,
,NOTE: GST 18% extra. Transport extra at actuals (approx Rs 18000 per truck). Payment 30 days. Validity 45 days.,,,,,,